type,iso,name,continent,region_un,subregion,region_wb,key
Country,ABW,Aruba,North America,Americas,Caribbean,Latin America & Caribbean,1
Sovereign country,AFG,Afghanistan,Asia,Asia,Southern Asia,South Asia,2
Sovereign country,AGO,Angola,Africa,Africa,Middle Africa,Sub-Saharan Africa,3
Dependency,AIA,Anguilla,North America,Americas,Caribbean,Latin America & Caribbean,4
Sovereign country,ALB,Albania,Europe,Europe,Southern Europe,Europe & Central Asia,5
Country,ALD,Aland,Europe,Europe,Northern Europe,Europe & Central Asia,6
Sovereign country,AND,Andorra,Europe,Europe,Southern Europe,Europe & Central Asia,7
Sovereign country,ARE,United Arab Emirates,Asia,Asia,Western Asia,Middle East & North Africa,8
Sovereign country,ARG,Argentina,South America,Americas,South America,Latin America & Caribbean,9
Sovereign country,ARM,Armenia,Asia,Asia,Western Asia,Europe & Central Asia,10
Dependency,ASM,American Samoa,Oceania,Oceania,Polynesia,East Asia & Pacific,11
Indeterminate,ATA,Antarctica,Antarctica,Antarctica,Antarctica,Antarctica,12
Dependency,ATC,Ashmore and Cartier Is.,Oceania,Oceania,Australia and New Zealand,East Asia & Pacific,13
Dependency,ATF,Fr. S. Antarctic Lands,Seven seas (open ocean),Seven seas (open ocean),Seven seas (open ocean),Sub-Saharan Africa,14
Sovereign country,ATG,Antigua and Barb.,North America,Americas,Caribbean,Latin America & Caribbean,15
Country,AUS,Australia,Oceania,Oceania,Australia and New Zealand,East Asia & Pacific,16
Sovereign country,AUT,Austria,Europe,Europe,Western Europe,Europe & Central Asia,17
Sovereign country,AZE,Azerbaijan,Asia,Asia,Western Asia,Europe & Central Asia,18
Sovereign country,BDI,Burundi,Africa,Africa,Eastern Africa,Sub-Saharan Africa,19
Sovereign country,BEL,Belgium,Europe,Europe,Western Europe,Europe & Central Asia,20
Sovereign country,BEN,Benin,Africa,Africa,Western Africa,Sub-Saharan Africa,21
Sovereign country,BFA,Burkina Faso,Africa,Africa,Western Africa,Sub-Saharan Africa,22
Sovereign country,BGD,Bangladesh,Asia,Asia,Southern Asia,South Asia,23
Sovereign country,BGR,Bulgaria,Europe,Europe,Eastern Europe,Europe & Central Asia,24
Sovereign country,BHR,Bahrain,Asia,Asia,Western Asia,Middle East & North Africa,25
Sovereign country,BHS,Bahamas,North America,Americas,Caribbean,Latin America & Caribbean,26
Sovereign country,BIH,Bosnia and Herz.,Europe,Europe,Southern Europe,Europe & Central Asia,27
Indeterminate,BJN,Bajo Nuevo Bank (Petrel Is.),North America,Americas,Caribbean,Latin America & Caribbean,28
Dependency,BLM,St-Barthélemy,North America,Americas,Caribbean,Latin America & Caribbean,29
Sovereign country,BLR,Belarus,Europe,Europe,Eastern Europe,Europe & Central Asia,30
Sovereign country,BLZ,Belize,North America,Americas,Central America,Latin America & Caribbean,31
Dependency,BMU,Bermuda,North America,Americas,Northern America,North America,32
Sovereign country,BOL,Bolivia,South America,Americas,South America,Latin America & Caribbean,33
Sovereign country,BRA,Brazil,South America,Americas,South America,Latin America & Caribbean,34
Sovereign country,BRB,Barbados,North America,Americas,Caribbean,Latin America & Caribbean,35
Sovereign country,BRN,Brunei,Asia,Asia,South-Eastern Asia,East Asia & Pacific,36
Sovereign country,BTN,Bhutan,Asia,Asia,Southern Asia,South Asia,37
Sovereign country,BWA,Botswana,Africa,Africa,Southern Africa,Sub-Saharan Africa,38
Sovereign country,CAF,Central African Rep.,Africa,Africa,Middle Africa,Sub-Saharan Africa,39
Sovereign country,CAN,Canada,North America,Americas,Northern America,North America,40
Sovereign country,CHE,Switzerland,Europe,Europe,Western Europe,Europe & Central Asia,41
Sovereign country,CHL,Chile,South America,Americas,South America,Latin America & Caribbean,42
Country,CHN,China,Asia,Asia,Eastern Asia,East Asia & Pacific,43
Sovereign country,CIV,Côte d'Ivoire,Africa,Africa,Western Africa,Sub-Saharan Africa,44
Dependency,CLP,Clipperton I.,Seven seas (open ocean),Americas,Central America,Latin America & Caribbean,45
Sovereign country,CMR,Cameroon,Africa,Africa,Middle Africa,Sub-Saharan Africa,46
Indeterminate,CNM,Cyprus U.N. Buffer Zone,Asia,Asia,Western Asia,Europe & Central Asia,47
Sovereign country,COD,Dem. Rep. Congo,Africa,Africa,Middle Africa,Sub-Saharan Africa,48
Sovereign country,COG,Congo,Africa,Africa,Middle Africa,Sub-Saharan Africa,49
Dependency,COK,Cook Is.,Oceania,Oceania,Polynesia,East Asia & Pacific,50
Sovereign country,COL,Colombia,South America,Americas,South America,Latin America & Caribbean,51
Sovereign country,COM,Comoros,Africa,Africa,Eastern Africa,Sub-Saharan Africa,52
Sovereign country,CPV,Cape Verde,Africa,Africa,Western Africa,Sub-Saharan Africa,53
Sovereign country,CRI,Costa Rica,North America,Americas,Central America,Latin America & Caribbean,54
Dependency,CSI,Coral Sea Is.,Oceania,Oceania,Australia and New Zealand,East Asia & Pacific,55
Sovereign country,CUB,Cuba,North America,Americas,Caribbean,Latin America & Caribbean,56
Country,CUW,Curaçao,North America,Americas,Caribbean,Latin America & Caribbean,57
Dependency,CYM,Cayman Is.,North America,Americas,Caribbean,Latin America & Caribbean,58
Sovereign country,CYN,N. Cyprus,Asia,Asia,Western Asia,Europe & Central Asia,59
Sovereign country,CYP,Cyprus,Asia,Asia,Western Asia,Europe & Central Asia,60
Sovereign country,CZE,Czech Rep.,Europe,Europe,Eastern Europe,Europe & Central Asia,61
Sovereign country,DEU,Germany,Europe,Europe,Western Europe,Europe & Central Asia,62
Sovereign country,DJI,Djibouti,Africa,Africa,Eastern Africa,Middle East & North Africa,63
Sovereign country,DMA,Dominica,North America,Americas,Caribbean,Latin America & Caribbean,64
Country,DNK,Denmark,Europe,Europe,Northern Europe,Europe & Central Asia,65
Sovereign country,DOM,Dominican Rep.,North America,Americas,Caribbean,Latin America & Caribbean,66
Sovereign country,DZA,Algeria,Africa,Africa,Northern Africa,Middle East & North Africa,67
Sovereign country,ECU,Ecuador,South America,Americas,South America,Latin America & Caribbean,68
Sovereign country,EGY,Egypt,Africa,Africa,Northern Africa,Middle East & North Africa,69
Sovereign country,ERI,Eritrea,Africa,Africa,Eastern Africa,Sub-Saharan Africa,70
Dependency,ESB,Dhekelia,Asia,Asia,Western Asia,Europe & Central Asia,71
Sovereign country,ESP,Spain,Europe,Europe,Southern Europe,Europe & Central Asia,72
Sovereign country,EST,Estonia,Europe,Europe,Northern Europe,Europe & Central Asia,73
Sovereign country,ETH,Ethiopia,Africa,Africa,Eastern Africa,Sub-Saharan Africa,74
Country,FIN,Finland,Europe,Europe,Northern Europe,Europe & Central Asia,75
Sovereign country,FJI,Fiji,Oceania,Oceania,Melanesia,East Asia & Pacific,76
Dependency,FLK,Falkland Is.,South America,Americas,South America,Latin America & Caribbean,77
Country,FRA,France,Europe,Europe,Western Europe,Europe & Central Asia,78
Dependency,FRO,Faeroe Is.,Europe,Europe,Northern Europe,Europe & Central Asia,79
Sovereign country,FSM,Micronesia,Oceania,Oceania,Micronesia,East Asia & Pacific,80
Sovereign country,GAB,Gabon,Africa,Africa,Middle Africa,Sub-Saharan Africa,81
Country,GBR,United Kingdom,Europe,Europe,Northern Europe,Europe & Central Asia,82
Sovereign country,GEO,Georgia,Asia,Asia,Western Asia,Europe & Central Asia,83
Country,GGY,Guernsey,Europe,Europe,Northern Europe,Europe & Central Asia,84
Sovereign country,GHA,Ghana,Africa,Africa,Western Africa,Sub-Saharan Africa,85
Dependency,GIB,Gibraltar,Europe,Europe,Southern Europe,Europe & Central Asia,86
Sovereign country,GIN,Guinea,Africa,Africa,Western Africa,Sub-Saharan Africa,87
Sovereign country,GMB,Gambia,Africa,Africa,Western Africa,Sub-Saharan Africa,88
Sovereign country,GNB,Guinea-Bissau,Africa,Africa,Western Africa,Sub-Saharan Africa,89
Sovereign country,GNQ,Eq. Guinea,Africa,Africa,Middle Africa,Sub-Saharan Africa,90
Sovereign country,GRC,Greece,Europe,Europe,Southern Europe,Europe & Central Asia,91
Sovereign country,GRD,Grenada,North America,Americas,Caribbean,Latin America & Caribbean,92
Country,GRL,Greenland,North America,Americas,Northern America,Europe & Central Asia,93
Sovereign country,GTM,Guatemala,North America,Americas,Central America,Latin America & Caribbean,94
Dependency,GUM,Guam,Oceania,Oceania,Micronesia,East Asia & Pacific,95
Sovereign country,GUY,Guyana,South America,Americas,South America,Latin America & Caribbean,96
Country,HKG,Hong Kong,Asia,Asia,Eastern Asia,East Asia & Pacific,97
Dependency,HMD,Heard I. and McDonald Is.,Seven seas (open ocean),Seven seas (open ocean),Seven seas (open ocean),Sub-Saharan Africa,98
Sovereign country,HND,Honduras,North America,Americas,Central America,Latin America & Caribbean,99
Sovereign country,HRV,Croatia,Europe,Europe,Southern Europe,Europe & Central Asia,100
Sovereign country,HTI,Haiti,North America,Americas,Caribbean,Latin America & Caribbean,101
Sovereign country,HUN,Hungary,Europe,Europe,Eastern Europe,Europe & Central Asia,102
Sovereign country,IDN,Indonesia,Asia,Asia,South-Eastern Asia,East Asia & Pacific,103
Country,IMN,Isle of Man,Europe,Europe,Northern Europe,Europe & Central Asia,104
Sovereign country,IND,India,Asia,Asia,Southern Asia,South Asia,105
Dependency,IOA,Indian Ocean Ter.,Asia,Seven seas (open ocean),Seven seas (open ocean),East Asia & Pacific,106
Dependency,IOT,Br. Indian Ocean Ter.,Seven seas (open ocean),Seven seas (open ocean),Seven seas (open ocean),Sub-Saharan Africa,107
Sovereign country,IRL,Ireland,Europe,Europe,Northern Europe,Europe & Central Asia,108
Sovereign country,IRN,Iran,Asia,Asia,Southern Asia,Middle East & North Africa,109
Sovereign country,IRQ,Iraq,Asia,Asia,Western Asia,Middle East & North Africa,110
Sovereign country,ISL,Iceland,Europe,Europe,Northern Europe,Europe & Central Asia,111
Country,ISR,Israel,Asia,Asia,Western Asia,Middle East & North Africa,112
Sovereign country,ITA,Italy,Europe,Europe,Southern Europe,Europe & Central Asia,113
Sovereign country,JAM,Jamaica,North America,Americas,Caribbean,Latin America & Caribbean,114
Country,JEY,Jersey,Europe,Europe,Northern Europe,Europe & Central Asia,115
Sovereign country,JOR,Jordan,Asia,Asia,Western Asia,Middle East & North Africa,116
Sovereign country,JPN,Japan,Asia,Asia,Eastern Asia,East Asia & Pacific,117
Lease,KAB,Baikonur,Asia,Asia,Central Asia,Europe & Central Asia,118
Indeterminate,KAS,Siachen Glacier,Asia,Asia,Southern Asia,South Asia,119
Sovereign country,KAZ,Kazakhstan,Asia,Asia,Central Asia,Europe & Central Asia,120
Sovereign country,KEN,Kenya,Africa,Africa,Eastern Africa,Sub-Saharan Africa,121
Sovereign country,KGZ,Kyrgyzstan,Asia,Asia,Central Asia,Europe & Central Asia,122
Sovereign country,KHM,Cambodia,Asia,Asia,South-Eastern Asia,East Asia & Pacific,123
Sovereign country,KIR,Kiribati,Oceania,Oceania,Micronesia,East Asia & Pacific,124
Sovereign country,KNA,St. Kitts and Nevis,North America,Americas,Caribbean,Latin America & Caribbean,125
Sovereign country,KOR,Korea,Asia,Asia,Eastern Asia,East Asia & Pacific,126
Sovereign country,KOS,Kosovo,Europe,Europe,Southern Europe,Europe & Central Asia,127
Sovereign country,KWT,Kuwait,Asia,Asia,Western Asia,Middle East & North Africa,128
Sovereign country,LAO,Lao PDR,Asia,Asia,South-Eastern Asia,East Asia & Pacific,129
Sovereign country,LBN,Lebanon,Asia,Asia,Western Asia,Middle East & North Africa,130
Sovereign country,LBR,Liberia,Africa,Africa,Western Africa,Sub-Saharan Africa,131
Sovereign country,LBY,Libya,Africa,Africa,Northern Africa,Middle East & North Africa,132
Sovereign country,LCA,Saint Lucia,North America,Americas,Caribbean,Latin America & Caribbean,133
Sovereign country,LIE,Liechtenstein,Europe,Europe,Western Europe,Europe & Central Asia,134
Sovereign country,LKA,Sri Lanka,Asia,Asia,Southern Asia,South Asia,135
Sovereign country,LSO,Lesotho,Africa,Africa,Southern Africa,Sub-Saharan Africa,136
Sovereign country,LTU,Lithuania,Europe,Europe,Northern Europe,Europe & Central Asia,137
Sovereign country,LUX,Luxembourg,Europe,Europe,Western Europe,Europe & Central Asia,138
Sovereign country,LVA,Latvia,Europe,Europe,Northern Europe,Europe & Central Asia,139
Country,MAC,Macao,Asia,Asia,Eastern Asia,East Asia & Pacific,140
Dependency,MAF,St-Martin,North America,Americas,Caribbean,Latin America & Caribbean,141
Sovereign country,MAR,Morocco,Africa,Africa,Northern Africa,Middle East & North Africa,142
Sovereign country,MCO,Monaco,Europe,Europe,Western Europe,Europe & Central Asia,143
Sovereign country,MDA,Moldova,Europe,Europe,Eastern Europe,Europe & Central Asia,144
Sovereign country,MDG,Madagascar,Africa,Africa,Eastern Africa,Sub-Saharan Africa,145
Sovereign country,MDV,Maldives,Seven seas (open ocean),Asia,Southern Asia,South Asia,146
Sovereign country,MEX,Mexico,North America,Americas,Central America,Latin America & Caribbean,147
Sovereign country,MHL,Marshall Is.,Oceania,Oceania,Micronesia,East Asia & Pacific,148
Sovereign country,MKD,Macedonia,Europe,Europe,Southern Europe,Europe & Central Asia,149
Sovereign country,MLI,Mali,Africa,Africa,Western Africa,Sub-Saharan Africa,150
Sovereign country,MLT,Malta,Europe,Europe,Southern Europe,Middle East & North Africa,151
Sovereign country,MMR,Myanmar,Asia,Asia,South-Eastern Asia,East Asia & Pacific,152
Sovereign country,MNE,Montenegro,Europe,Europe,Southern Europe,Europe & Central Asia,153
Sovereign country,MNG,Mongolia,Asia,Asia,Eastern Asia,East Asia & Pacific,154
Dependency,MNP,N. Mariana Is.,Oceania,Oceania,Micronesia,East Asia & Pacific,155
Sovereign country,MOZ,Mozambique,Africa,Africa,Eastern Africa,Sub-Saharan Africa,156
Sovereign country,MRT,Mauritania,Africa,Africa,Western Africa,Sub-Saharan Africa,157
Dependency,MSR,Montserrat,North America,Americas,Caribbean,Latin America & Caribbean,158
Sovereign country,MUS,Mauritius,Seven seas (open ocean),Africa,Eastern Africa,Sub-Saharan Africa,159
Sovereign country,MWI,Malawi,Africa,Africa,Eastern Africa,Sub-Saharan Africa,160
Sovereign country,MYS,Malaysia,Asia,Asia,South-Eastern Asia,East Asia & Pacific,161
Sovereign country,NAM,Namibia,Africa,Africa,Southern Africa,Sub-Saharan Africa,162
Dependency,NCL,New Caledonia,Oceania,Oceania,Melanesia,East Asia & Pacific,163
Sovereign country,NER,Niger,Africa,Africa,Western Africa,Sub-Saharan Africa,164
Dependency,NFK,Norfolk Island,Oceania,Oceania,Australia and New Zealand,East Asia & Pacific,165
Sovereign country,NGA,Nigeria,Africa,Africa,Western Africa,Sub-Saharan Africa,166
Sovereign country,NIC,Nicaragua,North America,Americas,Central America,Latin America & Caribbean,167
Dependency,NIU,Niue,Oceania,Oceania,Polynesia,East Asia & Pacific,168
Country,NLD,Netherlands,Europe,Europe,Western Europe,Europe & Central Asia,169
Sovereign country,NOR,Norway,Europe,Europe,Northern Europe,Europe & Central Asia,170
Sovereign country,NPL,Nepal,Asia,Asia,Southern Asia,South Asia,171
Sovereign country,NRU,Nauru,Oceania,Oceania,Micronesia,East Asia & Pacific,172
Country,NZL,New Zealand,Oceania,Oceania,Australia and New Zealand,East Asia & Pacific,173
Sovereign country,OMN,Oman,Asia,Asia,Western Asia,Middle East & North Africa,174
Sovereign country,PAK,Pakistan,Asia,Asia,Southern Asia,South Asia,175
Sovereign country,PAN,Panama,North America,Americas,Central America,Latin America & Caribbean,176
Dependency,PCN,Pitcairn Is.,Oceania,Oceania,Polynesia,East Asia & Pacific,177
Sovereign country,PER,Peru,South America,Americas,South America,Latin America & Caribbean,178
Indeterminate,PGA,Spratly Is.,Asia,Asia,South-Eastern Asia,East Asia & Pacific,179
Sovereign country,PHL,Philippines,Asia,Asia,South-Eastern Asia,East Asia & Pacific,180
Sovereign country,PLW,Palau,Oceania,Oceania,Micronesia,East Asia & Pacific,181
Sovereign country,PNG,Papua New Guinea,Oceania,Oceania,Melanesia,East Asia & Pacific,182
Sovereign country,POL,Poland,Europe,Europe,Eastern Europe,Europe & Central Asia,183
Dependency,PRI,Puerto Rico,North America,Americas,Caribbean,Latin America & Caribbean,184
Sovereign country,PRK,Dem. Rep. Korea,Asia,Asia,Eastern Asia,East Asia & Pacific,185
Sovereign country,PRT,Portugal,Europe,Europe,Southern Europe,Europe & Central Asia,186
Sovereign country,PRY,Paraguay,South America,Americas,South America,Latin America & Caribbean,187
Disputed,PSX,Palestine,Asia,Asia,Western Asia,Middle East & North Africa,188
Dependency,PYF,Fr. Polynesia,Oceania,Oceania,Polynesia,East Asia & Pacific,189
Sovereign country,QAT,Qatar,Asia,Asia,Western Asia,Middle East & North Africa,190
Sovereign country,ROU,Romania,Europe,Europe,Eastern Europe,Europe & Central Asia,191
Sovereign country,RUS,Russia,Europe,Europe,Eastern Europe,Europe & Central Asia,192
Sovereign country,RWA,Rwanda,Africa,Africa,Eastern Africa,Sub-Saharan Africa,193
Indeterminate,SAH,W. Sahara,Africa,Africa,Northern Africa,Middle East & North Africa,194
Sovereign country,SAU,Saudi Arabia,Asia,Asia,Western Asia,Middle East & North Africa,195
Indeterminate,SCR,Scarborough Reef,Asia,Asia,South-Eastern Asia,East Asia & Pacific,196
Sovereign country,SDN,Sudan,Africa,Africa,Northern Africa,Sub-Saharan Africa,197
Sovereign country,SDS,S. Sudan,Africa,Africa,Eastern Africa,Sub-Saharan Africa,198
Sovereign country,SEN,Senegal,Africa,Africa,Western Africa,Sub-Saharan Africa,199
Indeterminate,SER,Serranilla Bank,North America,Americas,Caribbean,Latin America & Caribbean,200
Sovereign country,SGP,Singapore,Asia,Asia,South-Eastern Asia,East Asia & Pacific,201
Dependency,SGS,S. Geo. and S. Sandw. Is.,Seven seas (open ocean),Seven seas (open ocean),Seven seas (open ocean),Antarctica,202
Dependency,SHN,Saint Helena,Seven seas (open ocean),Africa,Western Africa,Sub-Saharan Africa,203
Sovereign country,SLB,Solomon Is.,Oceania,Oceania,Melanesia,East Asia & Pacific,204
Sovereign country,SLE,Sierra Leone,Africa,Africa,Western Africa,Sub-Saharan Africa,205
Sovereign country,SLV,El Salvador,North America,Americas,Central America,Latin America & Caribbean,206
Sovereign country,SMR,San Marino,Europe,Europe,Southern Europe,Europe & Central Asia,207
Indeterminate,SOL,Somaliland,Africa,Africa,Eastern Africa,Sub-Saharan Africa,208
Sovereign country,SOM,Somalia,Africa,Africa,Eastern Africa,Sub-Saharan Africa,209
Dependency,SPM,St. Pierre and Miquelon,North America,Americas,Northern America,North America,210
Sovereign country,SRB,Serbia,Europe,Europe,Southern Europe,Europe & Central Asia,211
Sovereign country,STP,São Tomé and Principe,Africa,Africa,Middle Africa,Sub-Saharan Africa,212
Sovereign country,SUR,Suriname,South America,Americas,South America,Latin America & Caribbean,213
Sovereign country,SVK,Slovakia,Europe,Europe,Eastern Europe,Europe & Central Asia,214
Sovereign country,SVN,Slovenia,Europe,Europe,Southern Europe,Europe & Central Asia,215
Sovereign country,SWE,Sweden,Europe,Europe,Northern Europe,Europe & Central Asia,216
Sovereign country,SWZ,Swaziland,Africa,Africa,Southern Africa,Sub-Saharan Africa,217
Country,SXM,Sint Maarten,North America,Americas,Caribbean,Latin America & Caribbean,218
Sovereign country,SYC,Seychelles,Seven seas (open ocean),Africa,Eastern Africa,Sub-Saharan Africa,219
Sovereign country,SYR,Syria,Asia,Asia,Western Asia,Middle East & North Africa,220
Dependency,TCA,Turks and Caicos Is.,North America,Americas,Caribbean,Latin America & Caribbean,221
Sovereign country,TCD,Chad,Africa,Africa,Middle Africa,Sub-Saharan Africa,222
Sovereign country,TGO,Togo,Africa,Africa,Western Africa,Sub-Saharan Africa,223
Sovereign country,THA,Thailand,Asia,Asia,South-Eastern Asia,East Asia & Pacific,224
Sovereign country,TJK,Tajikistan,Asia,Asia,Central Asia,Europe & Central Asia,225
Sovereign country,TKM,Turkmenistan,Asia,Asia,Central Asia,Europe & Central Asia,226
Sovereign country,TLS,Timor-Leste,Asia,Asia,South-Eastern Asia,East Asia & Pacific,227
Sovereign country,TON,Tonga,Oceania,Oceania,Polynesia,East Asia & Pacific,228
Sovereign country,TTO,Trinidad and Tobago,North America,Americas,Caribbean,Latin America & Caribbean,229
Sovereign country,TUN,Tunisia,Africa,Africa,Northern Africa,Middle East & North Africa,230
Sovereign country,TUR,Turkey,Asia,Asia,Western Asia,Europe & Central Asia,231
Sovereign country,TUV,Tuvalu,Oceania,Oceania,Polynesia,East Asia & Pacific,232
Sovereign country,TWN,Taiwan,Asia,Asia,Eastern Asia,East Asia & Pacific,233
Sovereign country,TZA,Tanzania,Africa,Africa,Eastern Africa,Sub-Saharan Africa,234
Sovereign country,UGA,Uganda,Africa,Africa,Eastern Africa,Sub-Saharan Africa,235
Sovereign country,UKR,Ukraine,Europe,Europe,Eastern Europe,Europe & Central Asia,236
Dependency,UMI,U.S. Minor Outlying Is.,North America,Seven seas (open ocean),Seven seas (open ocean),East Asia & Pacific,237
Sovereign country,URY,Uruguay,South America,Americas,South America,Latin America & Caribbean,238
Country,USA,United States,North America,Americas,Northern America,North America,239
Lease,USG,USNB Guantanamo Bay,North America,Americas,Caribbean,Latin America & Caribbean,240
Sovereign country,UZB,Uzbekistan,Asia,Asia,Central Asia,Europe & Central Asia,241
Sovereign country,VAT,Vatican,Europe,Europe,Southern Europe,Europe & Central Asia,242
Sovereign country,VCT,St. Vin. and Gren.,North America,Americas,Caribbean,Latin America & Caribbean,243
Sovereign country,VEN,Venezuela,South America,Americas,South America,Latin America & Caribbean,244
Dependency,VGB,British Virgin Is.,North America,Americas,Caribbean,Latin America & Caribbean,245
Dependency,VIR,U.S. Virgin Is.,North America,Americas,Caribbean,Latin America & Caribbean,246
Sovereign country,VNM,Vietnam,Asia,Asia,South-Eastern Asia,East Asia & Pacific,247
Sovereign country,VUT,Vanuatu,Oceania,Oceania,Melanesia,East Asia & Pacific,248
Dependency,WLF,Wallis and Futuna Is.,Oceania,Oceania,Polynesia,East Asia & Pacific,249
Dependency,WSB,Akrotiri,Asia,Asia,Western Asia,Europe & Central Asia,250
Sovereign country,WSM,Samoa,Oceania,Oceania,Polynesia,East Asia & Pacific,251
Sovereign country,YEM,Yemen,Asia,Asia,Western Asia,Middle East & North Africa,252
Sovereign country,ZAF,South Africa,Africa,Africa,Southern Africa,Sub-Saharan Africa,253
Sovereign country,ZMB,Zambia,Africa,Africa,Eastern Africa,Sub-Saharan Africa,254
Sovereign country,ZWE,Zimbabwe,Africa,Africa,Eastern Africa,Sub-Saharan Africa,255
